"Variable","GVIF","Df","GVIF^(1/(2*Df))"
"accommodates",5.38837233738974,1,2.3212867848221
"bedrooms",3.80276639022926,1,1.95006830399072
"beds",3.9894572469324,1,1.99736257272744
"review_scores_rating",1.03755852224694,1,1.01860616640924
"occupancy_rate",1.05179949904416,1,1.02557276633311
"total_reviews",1.06123129075816,1,1.03016080820334
"room_type",1.28726250211112,3,1.04298449697166
